<?xml version="1.0" encoding="UTF-8"?>
<beans xmlns="http://www.springframework.org/schema/beans"
	xmlns:context="http://www.springframework.org/schema/context"
	xmlns:xsi="http://www.w3.org/2001/XMLSchema-instance"
	xmlns:mvc="http://www.springframework.org/schema/mvc"
	xmlns:tx="http://www.springframework.org/schema/tx"
	
	xsi:schemaLocation="
        http://www.springframework.org/schema/beans     
        http://www.springframework.org/schema/beans/spring-beans-2.5.xsd
        http://www.springframework.org/schema/context 
        http://www.springframework.org/schema/context/spring-context.xsd
        http://www.springframework.org/schema/mvc
        http://www.springframework.org/schema/mvc/spring-mvc.xsd
        http://www.springframework.org/schema/tx
		http://www.springframework.org/schema/tx/spring-tx-3.0.xsd">
		
		<tx:annotation-driven/>
   
        <context:component-scan base-package="com.cg.trainee"></context:component-scan>
        <mvc:annotation-driven/>
        <bean id="viewResolver" class="org.springframework.web.servlet.view.InternalResourceViewResolver" >
	       
	        <property name="prefix">
	            <value>/WEB-INF/</value>
	        </property>
	        
	        <property name="suffix">
	            <value>.jsp</value>
	        </property>
	        
 		</bean>
       
       <bean id="entityManagerFactory" 
       				class="org.springframework.orm.jpa.LocalContainerEntityManagerFactoryBean">
       		<property name="dataSource" ref="dataSource" />
       		<property name="packagesToScan" value="com.cg.trainee.bean" />
       		<property name="jpaVendorAdapter">
       		
       			<bean class="org.springframework.orm.jpa.vendor.HibernateJpaVendorAdapter" />
       		</property>
       		
       		<property name="jpaProperties">
       			<props>
       				<prop key="hibernate.hbm2ddl.auto">update</prop>
       				<prop key="hibernate.dialect">org.hibernate.dialect.OracleDialect</prop>
       			</props>
       		</property>
       		
       </bean>
       
       <bean id="dataSource"
       			 class="org.springframework.jdbc.datasource.DriverManagerDataSource">
       		<property name="driverClassName" value="oracle.jdbc.driver.OracleDriver"/>
       		<property name="url" value="jdbc:oracle:thin:@localhost:1521:XE"/>
       		<property name="username" value="hr"/>
       		<property name="password" value="hr"/>
       
       </bean>
	   <bean id="transactionManager" class="org.springframework.orm.jpa.JpaTransactionManager">
		<property name="entityManagerFactory" ref="entityManagerFactory"/>
	</bean>
       
       
		<context:annotation-config/>
		<!-- <tx:annotation-driven/>-->
 </beans>